<?xml version="1.0"?>


<!--


  ****************** IMPORTANT NOTICES **********************

   This is an alpha version release of the DATCOM+ program for
   JSBSIM. Nothing, and I do mean NOTHING, as been checked to 
   verify that the parameters, units, sign conventions, or    
   basically anything else is correct. Your mileage may vary. 

   ***********************************************************

   This file was generated by Datcom+, a superset of 
    the USAF Digital DATCOM program.
   This file is considered an intermediary file in the 
   DATCOM/JSBSim process. This file may be overwritten without
   warning, so any changes that you make in here may be lost.

   If you intend to use this file as it is and modify it, make
   sure that you take the necessary precautions to prevent it 
   from being overwritten, like renaming it.


   ***********************************************************


   DISCLAIMER REQUIRED BY HQ USAF FOR PUBLIC RELEASE APPROVAL

   THIS SOFTWARE AND ANY ACCOMPANYING DOCUMENTATION
   IS RELEASED "AS IS".  THE U.S. GOVERNMENT MAKES NO
   WARRANTY OF ANY KIND, EXPRESS OR IMPLIED, CONCERNING
   THIS SOFTWARE AND ANY ACCOMPANYING DOCUMENTATION,
   INCLUDING, WITHOUT LIMITATION, ANY WARRANTIES OF
   MERCHANTABILITY OR FITNESS FOR A PARTICULAR PURPOSE.
   IN NO EVENT WILL THE U.S. GOVERNMENT BE LIABLE FOR ANY
   DAMAGES, INCLUDING LOST PROFITS, LOST SAVINGS OR OTHER
   INCIDENTAL OR CONSEQUENTIAL DAMAGES ARISING OUT OF THE 
   USE, OR INABILITY TO USE, THIS SOFTWARE OR ANY
   ACCOMPANYING DOCUMENTATION, EVEN IF INFORMED IN ADVANCE
   OF THE POSSIBILITY OF SUCH DAMAGES.


   ***********************************************************
-->







<!-- **********************************************************************
        AERODYNAMICS
     **********************************************************************
-->


   <aerodynamics>

      <alphalimits unit="DEG">
         <min>  -16.00    </min>
         <max>   24.00    </max>
      </alphalimits>




      <!-- ************************* 
                Sign Conventions    
           ************************* 

           Control displacements
                Stick    FWD  + / Aft -
                Stick    Left + / Right -
                Wheel    CCW  + / CW -
                Pedal    Left + / Right -
                Elevator trim Nose Up + / Nose down -

           Surfaces
                Elevator  TED + / TEU -
                R Ail     TED + / TEU -
                L Ail     TED + / TEU -
                Rudder    TEL + / TER -

           F&M, Accel, Rates, Displacements
                Pitch     Up  + / Down -
                Roll      Rgt + / Left -
                Yaw       Rgt + / Left -

           Other
                Alpha     Up  + / Down -
                Beta Wind in right ear + / Wind in left ear -
                Slip Ball right of center + / left of center -
      -->




      <!-- ************************************** 
                ASSUMPTIONS AND LIMITATIONS

           There is no interaction between deflected surfaces modeled
           so there is no change in elevator effects with the flaps
           deflected, for example.

           Terms known to be missing from DATCOM:
              Power effects
              Ground effects
              Cyr, CyDr, Cyda, ClDr, Cndr

           **************************************
      -->


      <!--
           The following ground effect tables are NOT generated
           by DATCOM, but provide representative effects.
           These terms are not currently used in this model.
      -->


      <function name="aero/function/ground-effect-factor-lift">
         <description>Change in lift due to ground effect factor</description>
         <product>
            <table>
               <independentVar lookup="row">aero/h_b-mac-ft</independentVar>
               <tableData>
                  0.0  1.203
                  0.1  1.127
                  0.15 1.090
                  0.2  1.073
                  0.3  1.046
                  0.4  1.055
                  0.5  1.019
                  0.6  1.013
                  0.7  1.008
                  0.8  1.006
                  0.9  1.003
                  1.0  1.002
                  1.1  1.0
               </tableData>
            </table>
         </product>
      </function>

      <function name="aero/function/ground-effect-factor-drag">
         <description>Change in drag due to ground effect</description>
         <product>
            <table>
               <independentVar lookup="row">aero/h_b-mac-ft</independentVar>
               <tableData>
                  0.0  0.480
                  0.1  0.515
                  0.15 0.629
                  0.2  0.709
                  0.3  0.815
                  0.4  0.882
                  0.5  0.928
                  0.6  0.962
                  0.7  0.988
                  0.8  1.0
                  0.9  1.0
                  1.0  1.0
                  1.1  1.0
               </tableData>
            </table>
         </product>
      </function>





<!-- ********************************************************************** -->


     <axis name="LIFT">


         <function name="aero/coefficient/CLwbh">
            <description>
               Lift due to alpha
               Increase in CL decreases Period and damping,Dutch Roll damping
               CL is low for landing
            </description>
            <product>
               <property>aero/function/ground-effect-factor-lift</property>
               <property>aero/qbar-psf</property>
               <property>metrics/Sw-sqft</property>
               <table>
                  <independentVar lookup="row">aero/alpha-deg</independentVar>
                  <tableData>
                       -16.00        -1.392    
                       -8.000        -.6119    
                       -6.000        -.4119    
                       -4.000        -.2170    
                       -2.000        -.2893E-01
                         .000         .1593    
                        2.000         .3527    
                        4.000         .5515    
                        8.000         .9702    
                        9.000         1.078    
                        10.00         1.181    
                        12.00         1.359    
                        14.00         1.512    
                        16.00         1.636    
                        18.00         1.694    
                        19.00         1.684    
                        20.00         1.489    
                        21.00         1.223    
                        22.00         1.003    
                        24.00         .6321    
                  </tableData>
               </table>
            </product>
         </function>

         <function name="aero/coefficient/CLq">
            <description>
               Basic Lift Coefficient due to pitch rate(per degree)
            </description>
            <product>
               <property>velocities/q-aero-rad_sec</property>
               <value>57.29577951</value>
               <property>aero/qbar-psf</property>
               <property>metrics/Sw-sqft</property>
               <property>aero/ci2vel</property>
               <table>
                  <independentVar lookup="row">aero/alpha-deg</independentVar>
                  <tableData>
                       -16.00         .1232    
                       -8.000         .1232    
                       -6.000         .1232    
                       -4.000         .1232    
                       -2.000         .1232    
                         .000         .1232    
                        2.000         .1232    
                        4.000         .1232    
                        8.000         .1232    
                        9.000         .1232    
                        10.00         .1232    
                        12.00         .1232    
                        14.00         .1232    
                        16.00         .1232    
                        18.00         .1232    
                        19.00         .1232    
                        20.00         .1232    
                        21.00         .1232    
                        22.00         .1232    
                        24.00         .1232    
                  </tableData>
               </table>
            </product>
         </function>

         <function name="aero/coefficient/CLad">
            <description>
               Basic Lift Coefficient due to AOA rate(per degree)
               Important contributor to Short-Period damping
               For low Cla, aircraft must land at high alpha
            </description>
            <product>
               <property>aero/alphadot-deg_sec</property>
               <property>aero/qbar-psf</property>
               <property>metrics/Sw-sqft</property>
               <property>aero/ci2vel</property>
               <table>
                  <independentVar lookup="row">aero/alpha-deg</independentVar>
                  <tableData>
                       -16.00         .3325E-01
                       -8.000         .3633E-01
                       -6.000         .3741E-01
                       -4.000         .3779E-01
                       -2.000         .3845E-01
                         .000         .3994E-01
                        2.000         .4171E-01
                        4.000         .4336E-01
                        8.000         .4584E-01
                        9.000         .4534E-01
                        10.00         .4179E-01
                        12.00         .3193E-01
                        14.00         .2426E-01
                        16.00         .1545E-01
                        18.00        -.8611E-02
                        19.00        -.2540E-01
                        20.00        -.7000E-01
                        21.00        -.8736E-01
                        22.00        -.5390E-01
                        24.00        -.2741E-01
                  </tableData>
               </table>
            </product>
         </function>

         <function name="aero/coefficient/CLdF1L">
            <description>
               Lift Coefficient due to Left Plain Flaps Deflection
               Positive surface deflection is trailing edge down
               Ultimately, we will feed this left flap pos
            </description>
            <product>
               <property>aero/qbar-psf</property>
               <property>metrics/Sw-sqft</property>
               <table>
                  <independentVar lookup="row">fcs/flap-pos-deg</independentVar>
                  <tableData>
                       -20.00        -.7871E-01
                       -15.00        -.7463E-01
                       -10.00        -.5265E-01
                       -5.000        -.2633E-01
                         .000          .000    
                        5.000         .2633E-01
                        10.00         .5265E-01
                        13.00         .6709E-01
                        16.00         .7767E-01
                  </tableData>
               </table>
            </product>
         </function>

         <function name="aero/coefficient/CLdF1R">
            <description>
               Lift Coefficient due to Right Plain Flaps Deflection
               Positive surface deflection is trailing edge down
               Ultimately, we will feed this right flap pos
            </description>
            <product>
               <property>aero/qbar-psf</property>
               <property>metrics/Sw-sqft</property>
               <table>
                  <independentVar lookup="row">fcs/flap-pos-deg</independentVar>
                  <tableData>
                       -20.00        -.7871E-01
                       -15.00        -.7463E-01
                       -10.00        -.5265E-01
                       -5.000        -.2633E-01
                         .000          .000    
                        5.000         .2633E-01
                        10.00         .5265E-01
                        13.00         .6709E-01
                        16.00         .7767E-01
                  </tableData>
               </table>
            </product>
         </function>

         <function name="aero/coefficient/CLdF2L">
            <description>
               Lift Coefficient due to Left Single Slotted Flaps Deflection
               Positive surface deflection is trailing edge down
               Ultimately, we will feed this left flap pos
            </description>
            <product>
               <property>aero/qbar-psf</property>
               <property>metrics/Sw-sqft</property>
               <table>
                  <independentVar lookup="row">fcs/flap-pos-deg</independentVar>
                  <tableData>
                         .000          .000    
                        5.000         .3880E-01
                        10.00         .7750E-01
                        15.00         .1141    
                        20.00         .1493    
                        25.00         .1826    
                        30.00         .2096    
                        35.00         .2300    
                        40.00         .2439    
                  </tableData>
               </table>
            </product>
         </function>

         <function name="aero/coefficient/CLdF2R">
            <description>
               Lift Coefficient due to Right Single Slotted Flaps Deflection
               Positive surface deflection is trailing edge down
               Ultimately, we will feed this right flap pos
            </description>
            <product>
               <property>aero/qbar-psf</property>
               <property>metrics/Sw-sqft</property>
               <table>
                  <independentVar lookup="row">fcs/flap-pos-deg</independentVar>
                  <tableData>
                         .000          .000    
                        5.000         .3880E-01
                        10.00         .7750E-01
                        15.00         .1141    
                        20.00         .1493    
                        25.00         .1826    
                        30.00         .2096    
                        35.00         .2300    
                        40.00         .2439    
                  </tableData>
               </table>
            </product>
         </function>

         <function name="aero/coefficient/CLDe">
            <description>
               Lift Coefficient due to Elevator Deflection
               Positive surface deflection is trailing edge down
            </description>
            <product>
               <property>aero/qbar-psf</property>
               <property>metrics/Sw-sqft</property>
               <table>
                  <independentVar lookup="row">fcs/elevator-pos-deg</independentVar>
                  <tableData>
                       -20.00        -.1574    
                       -15.00        -.1493    
                       -10.00        -.1053    
                       -5.000        -.5265E-01
                         .000         .1053E-03
                        5.000         .5265E-01
                        10.00         .1053    
                        13.00         .1342    
                        16.00         .1553    
                  </tableData>
               </table>
            </product>
         </function>

     </axis>




<!-- ********************************************************************** -->


     <axis name="DRAG">


         <function name="aero/coefficient/CD">
            <description>
               Basic Drag Coefficient
               Sense: Always positive
               Main contributor to Phugoid damping: Greater Cd, Better damping
            </description>
            <product>
               <property>aero/function/ground-effect-factor-lift</property>
               <property>aero/qbar-psf</property>
               <property>metrics/Sw-sqft</property>
               <table>
                  <independentVar lookup="row">aero/alpha-deg</independentVar>
                  <tableData>
                       -16.00         .1088    
                       -8.000         .3373E-01
                       -6.000         .2396E-01
                       -4.000         .1803E-01
                       -2.000         .1559E-01
                         .000         .1666E-01
                        2.000         .2118E-01
                        4.000         .2969E-01
                        8.000         .6034E-01
                        9.000         .7120E-01
                        10.00         .8262E-01
                        12.00         .1068    
                        14.00         .1325    
                        16.00         .1585    
                        18.00         .1804    
                        19.00         .1875    
                        20.00         .1731    
                        21.00         .1633    
                        22.00         .1642    
                        24.00         .1811    
                  </tableData>
               </table>
            </product>
         </function>

         <function name="aero/coefficient/CdDf1L">
            <description>
               Drag Coefficient due to Left Plain Flaps Deflection
               Positive surface deflection is trailing edge down
               Ultimately, we will feed this left flap pos
            </description>
            <product>
               <property>aero/qbar-psf</property>
               <property>metrics/Sw-sqft</property>
               <table>
                  <independentVar lookup="row">aero/alpha-deg</independentVar>
                  <independentVar lookup="column">fcs/flap-pos-deg</independentVar>
                  <tableData>
                                     -20.00        -15.00        -10.00        -5.000          .000         5.000         10.00         13.00         16.00    
                       -16.00         .1138E-01     .1061E-01     .6786E-02     .2974E-02      .000        -.2135E-02    -.3432E-02    -.3787E-02    -.3888E-02
                       -8.000         .7832E-02     .7242E-02     .4410E-02     .1786E-02      .000        -.9476E-03    -.1057E-02    -.7607E-03    -.3837E-03
                       -6.000         .7008E-02     .6460E-02     .3859E-02     .1510E-02      .000        -.6717E-03    -.5049E-03    -.5769E-04     .4302E-03
                       -4.000         .6193E-02     .5688E-02     .3314E-02     .1238E-02      .000        -.3991E-03     .4020E-04     .6369E-03     .1234E-02
                       -2.000         .5381E-02     .4917E-02     .2770E-02     .9658E-03      .000        -.1274E-03     .5837E-03     .1329E-02     .2036E-02
                         .000         .4587E-02     .4165E-02     .2239E-02     .7005E-03      .000         .1379E-03     .1114E-02     .2005E-02     .2819E-02
                        2.000         .3823E-02     .3441E-02     .1728E-02     .4450E-03      .000         .3935E-03     .1625E-02     .2657E-02     .3572E-02
                        4.000         .3088E-02     .2744E-02     .1236E-02     .1990E-03      .000         .6394E-03     .2117E-02     .3283E-02     .4298E-02
                        8.000         .1694E-02     .1422E-02     .3036E-03    -.2674E-03      .000         .1106E-02     .3050E-02     .4472E-02     .5674E-02
                        9.000         .1355E-02     .1100E-02     .7668E-04    -.3809E-03      .000         .1219E-02     .3277E-02     .4761E-02     .6009E-02
                        10.00         .1004E-02     .7673E-03    -.1582E-03    -.4983E-03      .000         .1337E-02     .3512E-02     .5060E-02     .6355E-02
                        12.00         .1634E-03    -.2924E-04    -.7203E-03    -.7794E-03      .000         .1618E-02     .4074E-02     .5776E-02     .7184E-02
                        14.00        -.8148E-03    -.9567E-03    -.1375E-02    -.1107E-02      .000         .1945E-02     .4728E-02     .6610E-02     .8150E-02
                        16.00        -.1905E-02    -.1991E-02    -.2104E-02    -.1471E-02      .000         .2310E-02     .5458E-02     .7540E-02     .9226E-02
                        18.00        -.3171E-02    -.3191E-02    -.2951E-02    -.1895E-02      .000         .2733E-02     .6305E-02     .8619E-02     .1047E-01
                        19.00        -.4033E-02    -.4008E-02    -.3528E-02    -.2183E-02      .000         .3022E-02     .6881E-02     .9353E-02     .1133E-01
                        20.00        -.5016E-02    -.4940E-02    -.4186E-02    -.2512E-02      .000         .3350E-02     .7539E-02     .1019E-01     .1230E-01
                        21.00        -.6606E-02    -.6447E-02    -.5249E-02    -.3044E-02      .000         .3882E-02     .8603E-02     .1155E-01     .1386E-01
                        22.00        -.7872E-02    -.7648E-02    -.6096E-02    -.3467E-02      .000         .4306E-02     .9450E-02     .1263E-01     .1511E-01
                        24.00        -.9762E-02    -.9440E-02    -.7360E-02    -.4099E-02      .000         .4938E-02     .1071E-01     .1424E-01     .1698E-01
                  </tableData>
               </table>
            </product>
         </function>

         <function name="aero/coefficient/CdDf1R">
            <description>
               Drag Coefficient due to Right Plain Flaps Deflection
               Positive surface deflection is trailing edge down
               Ultimately, we will feed this right flap pos
            </description>
            <product>
               <property>aero/qbar-psf</property>
               <property>metrics/Sw-sqft</property>
               <table>
                  <independentVar lookup="row">aero/alpha-deg</independentVar>
                  <independentVar lookup="column">fcs/flap-pos-deg</independentVar>
                  <tableData>
                                     -20.00        -15.00        -10.00        -5.000          .000         5.000         10.00         13.00         16.00    
                       -16.00         .1138E-01     .1061E-01     .6786E-02     .2974E-02      .000        -.2135E-02    -.3432E-02    -.3787E-02    -.3888E-02
                       -8.000         .7832E-02     .7242E-02     .4410E-02     .1786E-02      .000        -.9476E-03    -.1057E-02    -.7607E-03    -.3837E-03
                       -6.000         .7008E-02     .6460E-02     .3859E-02     .1510E-02      .000        -.6717E-03    -.5049E-03    -.5769E-04     .4302E-03
                       -4.000         .6193E-02     .5688E-02     .3314E-02     .1238E-02      .000        -.3991E-03     .4020E-04     .6369E-03     .1234E-02
                       -2.000         .5381E-02     .4917E-02     .2770E-02     .9658E-03      .000        -.1274E-03     .5837E-03     .1329E-02     .2036E-02
                         .000         .4587E-02     .4165E-02     .2239E-02     .7005E-03      .000         .1379E-03     .1114E-02     .2005E-02     .2819E-02
                        2.000         .3823E-02     .3441E-02     .1728E-02     .4450E-03      .000         .3935E-03     .1625E-02     .2657E-02     .3572E-02
                        4.000         .3088E-02     .2744E-02     .1236E-02     .1990E-03      .000         .6394E-03     .2117E-02     .3283E-02     .4298E-02
                        8.000         .1694E-02     .1422E-02     .3036E-03    -.2674E-03      .000         .1106E-02     .3050E-02     .4472E-02     .5674E-02
                        9.000         .1355E-02     .1100E-02     .7668E-04    -.3809E-03      .000         .1219E-02     .3277E-02     .4761E-02     .6009E-02
                        10.00         .1004E-02     .7673E-03    -.1582E-03    -.4983E-03      .000         .1337E-02     .3512E-02     .5060E-02     .6355E-02
                        12.00         .1634E-03    -.2924E-04    -.7203E-03    -.7794E-03      .000         .1618E-02     .4074E-02     .5776E-02     .7184E-02
                        14.00        -.8148E-03    -.9567E-03    -.1375E-02    -.1107E-02      .000         .1945E-02     .4728E-02     .6610E-02     .8150E-02
                        16.00        -.1905E-02    -.1991E-02    -.2104E-02    -.1471E-02      .000         .2310E-02     .5458E-02     .7540E-02     .9226E-02
                        18.00        -.3171E-02    -.3191E-02    -.2951E-02    -.1895E-02      .000         .2733E-02     .6305E-02     .8619E-02     .1047E-01
                        19.00        -.4033E-02    -.4008E-02    -.3528E-02    -.2183E-02      .000         .3022E-02     .6881E-02     .9353E-02     .1133E-01
                        20.00        -.5016E-02    -.4940E-02    -.4186E-02    -.2512E-02      .000         .3350E-02     .7539E-02     .1019E-01     .1230E-01
                        21.00        -.6606E-02    -.6447E-02    -.5249E-02    -.3044E-02      .000         .3882E-02     .8603E-02     .1155E-01     .1386E-01
                        22.00        -.7872E-02    -.7648E-02    -.6096E-02    -.3467E-02      .000         .4306E-02     .9450E-02     .1263E-01     .1511E-01
                        24.00        -.9762E-02    -.9440E-02    -.7360E-02    -.4099E-02      .000         .4938E-02     .1071E-01     .1424E-01     .1698E-01
                  </tableData>
               </table>
            </product>
         </function>

         <function name="aero/coefficient/CdDf2L">
            <description>
               Drag Coefficient due to Left Single Slotted Flaps Deflection
               Positive surface deflection is trailing edge down
               Ultimately, we will feed this left flap pos
            </description>
            <product>
               <property>aero/qbar-psf</property>
               <property>metrics/Sw-sqft</property>
               <table>
                  <independentVar lookup="row">aero/alpha-deg</independentVar>
                  <independentVar lookup="column">fcs/flap-pos-deg</independentVar>
                  <tableData>
                                       .000         5.000         10.00         15.00         20.00         25.00         30.00         35.00         40.00    
                       -16.00          .000        -.4183E-02    -.7883E-02    -.1095E-01    -.1349E-01    -.1555E-01    -.1696E-01    -.1787E-01    -.1841E-01
                       -8.000          .000        -.1989E-02    -.3501E-02    -.4496E-02    -.5054E-02    -.5223E-02    -.5102E-02    -.4859E-02    -.4618E-02
                       -6.000          .000        -.1441E-02    -.2405E-02    -.2883E-02    -.2943E-02    -.2641E-02    -.2138E-02    -.1606E-02    -.1169E-02
                       -4.000          .000        -.8923E-03    -.1310E-02    -.1270E-02    -.8334E-03    -.5919E-04     .8253E-03     .1646E-02     .2280E-02
                       -2.000          .000        -.3438E-03    -.2140E-03     .3433E-03     .1277E-02     .2523E-02     .3789E-02     .4899E-02     .5729E-02
                         .000          .000         .2047E-03     .8816E-03     .1956E-02     .3387E-02     .5104E-02     .6753E-02     .8151E-02     .9177E-02
                        2.000          .000         .7531E-03     .1977E-02     .3569E-02     .5497E-02     .7686E-02     .9717E-02     .1140E-01     .1263E-01
                        4.000          .000         .1302E-02     .3073E-02     .5182E-02     .7607E-02     .1027E-01     .1268E-01     .1466E-01     .1607E-01
                        8.000          .000         .2399E-02     .5264E-02     .8408E-02     .1183E-01     .1543E-01     .1861E-01     .2116E-01     .2297E-01
                        9.000          .000         .2673E-02     .5812E-02     .9215E-02     .1288E-01     .1672E-01     .2009E-01     .2279E-01     .2470E-01
                        10.00          .000         .2947E-02     .6359E-02     .1002E-01     .1394E-01     .1801E-01     .2157E-01     .2441E-01     .2642E-01
                        12.00          .000         .3496E-02     .7455E-02     .1163E-01     .1605E-01     .2059E-01     .2454E-01     .2767E-01     .2987E-01
                        14.00          .000         .4044E-02     .8550E-02     .1325E-01     .1816E-01     .2318E-01     .2750E-01     .3092E-01     .3332E-01
                        16.00          .000         .4593E-02     .9646E-02     .1486E-01     .2027E-01     .2576E-01     .3046E-01     .3417E-01     .3677E-01
                        18.00          .000         .5141E-02     .1074E-01     .1647E-01     .2238E-01     .2834E-01     .3343E-01     .3742E-01     .4022E-01
                        19.00          .000         .5415E-02     .1129E-01     .1728E-01     .2343E-01     .2963E-01     .3491E-01     .3905E-01     .4194E-01
                        20.00          .000         .5690E-02     .1184E-01     .1809E-01     .2449E-01     .3092E-01     .3639E-01     .4067E-01     .4367E-01
                        21.00          .000         .5964E-02     .1238E-01     .1889E-01     .2554E-01     .3221E-01     .3787E-01     .4230E-01     .4539E-01
                        22.00          .000         .6238E-02     .1293E-01     .1970E-01     .2660E-01     .3350E-01     .3935E-01     .4393E-01     .4711E-01
                        24.00          .000         .6786E-02     .1403E-01     .2131E-01     .2871E-01     .3608E-01     .4232E-01     .4718E-01     .5056E-01
                  </tableData>
               </table>
            </product>
         </function>

         <function name="aero/coefficient/CdDf2R">
            <description>
               Drag Coefficient due to Right Single Slotted Flaps Deflection
               Positive surface deflection is trailing edge down
               Ultimately, we will feed this right flap pos
            </description>
            <product>
               <property>aero/qbar-psf</property>
               <property>metrics/Sw-sqft</property>
               <table>
                  <independentVar lookup="row">aero/alpha-deg</independentVar>
                  <independentVar lookup="column">fcs/flap-pos-deg</independentVar>
                  <tableData>
                                       .000         5.000         10.00         15.00         20.00         25.00         30.00         35.00         40.00    
                       -16.00          .000        -.4183E-02    -.7883E-02    -.1095E-01    -.1349E-01    -.1555E-01    -.1696E-01    -.1787E-01    -.1841E-01
                       -8.000          .000        -.1989E-02    -.3501E-02    -.4496E-02    -.5054E-02    -.5223E-02    -.5102E-02    -.4859E-02    -.4618E-02
                       -6.000          .000        -.1441E-02    -.2405E-02    -.2883E-02    -.2943E-02    -.2641E-02    -.2138E-02    -.1606E-02    -.1169E-02
                       -4.000          .000        -.8923E-03    -.1310E-02    -.1270E-02    -.8334E-03    -.5919E-04     .8253E-03     .1646E-02     .2280E-02
                       -2.000          .000        -.3438E-03    -.2140E-03     .3433E-03     .1277E-02     .2523E-02     .3789E-02     .4899E-02     .5729E-02
                         .000          .000         .2047E-03     .8816E-03     .1956E-02     .3387E-02     .5104E-02     .6753E-02     .8151E-02     .9177E-02
                        2.000          .000         .7531E-03     .1977E-02     .3569E-02     .5497E-02     .7686E-02     .9717E-02     .1140E-01     .1263E-01
                        4.000          .000         .1302E-02     .3073E-02     .5182E-02     .7607E-02     .1027E-01     .1268E-01     .1466E-01     .1607E-01
                        8.000          .000         .2399E-02     .5264E-02     .8408E-02     .1183E-01     .1543E-01     .1861E-01     .2116E-01     .2297E-01
                        9.000          .000         .2673E-02     .5812E-02     .9215E-02     .1288E-01     .1672E-01     .2009E-01     .2279E-01     .2470E-01
                        10.00          .000         .2947E-02     .6359E-02     .1002E-01     .1394E-01     .1801E-01     .2157E-01     .2441E-01     .2642E-01
                        12.00          .000         .3496E-02     .7455E-02     .1163E-01     .1605E-01     .2059E-01     .2454E-01     .2767E-01     .2987E-01
                        14.00          .000         .4044E-02     .8550E-02     .1325E-01     .1816E-01     .2318E-01     .2750E-01     .3092E-01     .3332E-01
                        16.00          .000         .4593E-02     .9646E-02     .1486E-01     .2027E-01     .2576E-01     .3046E-01     .3417E-01     .3677E-01
                        18.00          .000         .5141E-02     .1074E-01     .1647E-01     .2238E-01     .2834E-01     .3343E-01     .3742E-01     .4022E-01
                        19.00          .000         .5415E-02     .1129E-01     .1728E-01     .2343E-01     .2963E-01     .3491E-01     .3905E-01     .4194E-01
                        20.00          .000         .5690E-02     .1184E-01     .1809E-01     .2449E-01     .3092E-01     .3639E-01     .4067E-01     .4367E-01
                        21.00          .000         .5964E-02     .1238E-01     .1889E-01     .2554E-01     .3221E-01     .3787E-01     .4230E-01     .4539E-01
                        22.00          .000         .6238E-02     .1293E-01     .1970E-01     .2660E-01     .3350E-01     .3935E-01     .4393E-01     .4711E-01
                        24.00          .000         .6786E-02     .1403E-01     .2131E-01     .2871E-01     .3608E-01     .4232E-01     .4718E-01     .5056E-01
                  </tableData>
               </table>
            </product>
         </function>

         <function name="aero/coefficient/CdDe">
            <description>
               Drag Coefficient due to Elevator Deflection
               Positive surface deflection is trailing edge down
            </description>
            <product>
               <property>aero/qbar-psf</property>
               <property>metrics/Sw-sqft</property>
               <table>
                  <independentVar lookup="row">aero/alpha-deg</independentVar>
                  <independentVar lookup="column">fcs/elevator-pos-deg</independentVar>
                  <tableData>
                                     -20.00        -15.00        -10.00        -5.000          .000         5.000         10.00         13.00         16.00    
                       -16.00         .2277E-01     .2122E-01     .1357E-01     .5948E-02    -.1021E-04    -.4271E-02    -.6865E-02    -.7575E-02    -.7775E-02
                       -8.000         .1566E-01     .1448E-01     .8821E-02     .3572E-02    -.5464E-05    -.1895E-02    -.2113E-02    -.1521E-02    -.7675E-03
                       -6.000         .1402E-01     .1292E-01     .7717E-02     .3020E-02    -.4360E-05    -.1343E-02    -.1010E-02    -.1154E-03     .8603E-03
                       -4.000         .1239E-01     .1138E-01     .6627E-02     .2475E-02    -.3270E-05    -.7982E-03     .8040E-04     .1274E-02     .2468E-02
                       -2.000         .1076E-01     .9835E-02     .5540E-02     .1932E-02    -.2183E-05    -.2547E-03     .1167E-02     .2659E-02     .4072E-02
                         .000         .9175E-02     .8331E-02     .4479E-02     .1401E-02    -.1122E-05     .2759E-03     .2229E-02     .4011E-02     .5637E-02
                        2.000         .7647E-02     .6882E-02     .3457E-02     .8899E-03    -.9964E-07     .7869E-03     .3251E-02     .5313E-02     .7145E-02
                        4.000         .6176E-02     .5488E-02     .2473E-02     .3980E-03     .8843E-06     .1279E-02     .4235E-02     .6567E-02     .8596E-02
                        8.000         .3388E-02     .2844E-02     .6072E-03    -.5348E-03     .2750E-05     .2212E-02     .6100E-02     .8944E-02     .1135E-01
                        9.000         .2709E-02     .2200E-02     .1534E-03    -.7618E-03     .3204E-05     .2439E-02     .6554E-02     .9522E-02     .1202E-01
                        10.00         .2007E-02     .1535E-02    -.3165E-03    -.9967E-03     .3673E-05     .2674E-02     .7024E-02     .1012E-01     .1271E-01
                        12.00         .3268E-03    -.5847E-04    -.1441E-02    -.1559E-02     .4797E-05     .3236E-02     .8148E-02     .1155E-01     .1437E-01
                        14.00        -.1630E-02    -.1913E-02    -.2749E-02    -.2213E-02     .6106E-05     .3890E-02     .9457E-02     .1322E-01     .1630E-01
                        16.00        -.3811E-02    -.3981E-02    -.4209E-02    -.2943E-02     .7565E-05     .4620E-02     .1092E-01     .1508E-01     .1845E-01
                        18.00        -.6342E-02    -.6382E-02    -.5902E-02    -.3790E-02     .9260E-05     .5467E-02     .1261E-01     .1724E-01     .2095E-01
                        19.00        -.8066E-02    -.8016E-02    -.7055E-02    -.4366E-02     .1041E-04     .6043E-02     .1376E-01     .1871E-01     .2265E-01
                        20.00        -.1003E-01    -.9881E-02    -.8371E-02    -.5024E-02     .1173E-04     .6701E-02     .1508E-01     .2038E-01     .2459E-01
                        21.00        -.1321E-01    -.1289E-01    -.1050E-01    -.6087E-02     .1385E-04     .7764E-02     .1721E-01     .2309E-01     .2773E-01
                        22.00        -.1574E-01    -.1530E-01    -.1219E-01    -.6935E-02     .1556E-04     .8612E-02     .1890E-01     .2525E-01     .3023E-01
                        24.00        -.1952E-01    -.1888E-01    -.1472E-01    -.8199E-02     .1808E-04     .9876E-02     .2143E-01     .2847E-01     .3396E-01
                  </tableData>
               </table>
            </product>
         </function>

     </axis>




<!-- ********************************************************************** -->


     <axis name="SIDE">


         <function name="aero/coefficient/Cyb">
            <description>
               Side Force coefficient due to Sideslip(per degree)
                Contributes to damping of Dutch Roll mode
            </description>
            <product>
               <property>aero/qbar-psf</property>
               <property>metrics/Sw-sqft</property>
               <property>aero/beta-deg</property>
               <table>
                  <independentVar lookup="row">aero/alpha-deg</independentVar>
                  <tableData>
                       -16.00        -.1233E-01
                       -8.000        -.1233E-01
                       -6.000        -.1233E-01
                       -4.000        -.1233E-01
                       -2.000        -.1233E-01
                         .000        -.1233E-01
                        2.000        -.1233E-01
                        4.000        -.1233E-01
                        8.000        -.1233E-01
                        9.000        -.1233E-01
                        10.00        -.1233E-01
                        12.00        -.1233E-01
                        14.00        -.1233E-01
                        16.00        -.1233E-01
                        18.00        -.1233E-01
                        19.00        -.1233E-01
                        20.00        -.1233E-01
                        21.00        -.1233E-01
                        22.00        -.1233E-01
                        24.00        -.1233E-01
                  </tableData>
               </table>
            </product>
         </function>

         <function name="aero/coefficient/Cyp">
            <description>
               Side Force Coefficient due to Roll Rate(per degree)
            </description>
            <product>
               <property>velocities/p-aero-rad_sec</property>
               <value>57.29577951</value>
               <property>aero/qbar-psf</property>
               <property>metrics/Sw-sqft</property>
               <property>aero/bi2vel</property>
               <table>
                  <independentVar lookup="row">aero/alpha-deg</independentVar>
                  <tableData>
                       -16.00        -.3737E-03
                       -8.000        -.1108E-02
                       -6.000        -.1289E-02
                       -4.000        -.1457E-02
                       -2.000        -.1612E-02
                         .000        -.1769E-02
                        2.000        -.1935E-02
                        4.000        -.2107E-02
                        8.000        -.2464E-02
                        9.000        -.2561E-02
                        10.00        -.2656E-02
                        12.00        -.2793E-02
                        14.00        -.2882E-02
                        16.00        -.2963E-02
                        18.00        -.3239E-02
                        19.00        -.1952E-02
                        20.00        -.1683E-02
                        21.00        -.1119E-02
                        22.00        -.6484E-03
                        24.00         .2976E-03
                  </tableData>
               </table>
            </product>
         </function>


         <!-- *************************
              Not calculated by DATCOM+
              *************************
         -->

         <function name="aero/coefficient/Cyr">
            <description>
               Side Force due to Yaw Rate(DATCOM does not calculate)
               Effect is small
            </description>
            <product>
               <property>velocities/r-aero-rad_sec</property>
               <property>aero/qbar-psf</property>
               <property>metrics/Sw-sqft</property>
               <property>aero/bi2vel</property>
               <value>    .000    </value>
            </product>
         </function>


         <!-- *************************
              Not calculated by DATCOM+
              *************************
         -->

         <function name="aero/coefficient/CyDr">
            <description>
               Side Force due to rudder(DATCOM does not calculate)
            </description>
            <product>
               <property>aero/qbar-psf</property>
               <property>metrics/Sw-sqft</property>
               <property>fcs/rudder-pos-deg</property>
               <value>    .000    </value>
            </product>
         </function>


         <!-- *************************
              Not calculated by DATCOM+
              *************************
         -->

         <function name="aero/coefficient/CyDa">
            <description>
               Side Force due to aileron(DATCOM does not calculate)
               Usually neglected
            </description>
            <product>
               <property>aero/qbar-psf</property>
               <property>metrics/Sw-sqft</property>
               <property>fcs/left-aileron-pos-deg</property>
               <value>    .000    </value>
            </product>
         </function>

     </axis>




<!-- ********************************************************************** -->


     <axis name="ROLL">


         <function name="aero/coefficient/Clb">
            <description>
               Roll Moment coefficient due to Beta(per degree)
               Decrease of Clb to small negative value improves Dutch Roll Damping
               High Positive value leads to excessive spiral instability
            </description>
            <product>
               <property>aero/qbar-psf</property>
               <property>metrics/Sw-sqft</property>
               <property>metrics/bw-ft</property>
               <property>aero/beta-deg</property>
               <table>
                  <independentVar lookup="row">aero/alpha-deg</independentVar>
                  <tableData>
                       -16.00        -.3102E-02
                       -8.000        -.2733E-02
                       -6.000        -.2640E-02
                       -4.000        -.2546E-02
                       -2.000        -.2451E-02
                         .000        -.2355E-02
                        2.000        -.2257E-02
                        4.000        -.2157E-02
                        8.000        -.1952E-02
                        9.000        -.1900E-02
                        10.00        -.1849E-02
                        12.00        -.1752E-02
                        14.00        -.1657E-02
                        16.00        -.1567E-02
                        18.00        -.1487E-02
                        19.00        -.1455E-02
                        20.00        -.1458E-02
                        21.00        -.1472E-02
                        22.00        -.1464E-02
                        24.00        -.1436E-02
                  </tableData>
               </table>
            </product>
         </function>

         <function name="aero/coefficient/Clp">
            <description>
               Roll Moment coefficient due to roll rate(per degree)
               Clp alone determines damping-in-roll characteristics
            </description>
            <product>
               <property>aero/qbar-psf</property>
               <property>metrics/Sw-sqft</property>
               <property>metrics/bw-ft</property>
               <property>aero/bi2vel</property>
               <property>velocities/p-aero-rad_sec</property>
               <table>
                  <independentVar lookup="row">aero/alpha-deg</independentVar>
                  <tableData>
                       -16.00        -.8469E-02
                       -8.000        -.8566E-02
                       -6.000        -.8438E-02
                       -4.000        -.8121E-02
                       -2.000        -.8004E-02
                         .000        -.8213E-02
                        2.000        -.8491E-02
                        4.000        -.8689E-02
                        8.000        -.8909E-02
                        9.000        -.8520E-02
                        10.00        -.7584E-02
                        12.00        -.5806E-02
                        14.00        -.4224E-02
                        16.00        -.1469E-02
                        18.00         .3727E-02
                        19.00         .1644E-01
                        20.00         .2878E-01
                        21.00         .2597E-01
                        22.00         .2108E-01
                        24.00         .1782E-01
                  </tableData>
               </table>
            </product>
         </function>

         <function name="aero/coefficient/Clr">
            <description>
               Roll Moment coefficient due to yaw rate(per degree)
               Considerable effect on Spiral mode. Large 
               positive values leads to strong sprial instability.
            </description>
            <product>
               <property>aero/qbar-psf</property>
               <property>metrics/Sw-sqft</property>
               <property>metrics/bw-ft</property>
               <property>aero/bi2vel</property>
               <property>velocities/r-aero-rad_sec</property>
               <table>
                  <independentVar lookup="row">aero/alpha-deg</independentVar>
                  <tableData>
                       -16.00        -.3354E-02
                       -8.000        -.1105E-02
                       -6.000        -.5423E-03
                       -4.000        -.1556E-05
                       -2.000         .5130E-03
                         .000         .1033E-02
                        2.000         .1573E-02
                        4.000         .2127E-02
                        8.000         .3258E-02
                        9.000         .3541E-02
                        10.00         .3795E-02
                        12.00         .4188E-02
                        14.00         .4477E-02
                        16.00         .4642E-02
                        18.00         .4537E-02
                        19.00         .4309E-02
                        20.00         .3297E-02
                        21.00         .2199E-02
                        22.00         .1395E-02
                        24.00        -.4532E-04
                  </tableData>
               </table>
            </product>
         </function>

         <function name="aero/coefficient/ClDs4">
            <description>
               Roll Moment coefficient due to Left Double Slotted Flaps Deflection
            </description>
            <product>
               <property>aero/qbar-psf</property>
               <property>metrics/Sw-sqft</property>
               <property>metrics/bw-ft</property>
               <table>
                  <independentVar lookup="row">fcs/left-aileron-pos-deg</independentVar>
                  <tableData>
                       -64.00        -.6853E-01
                       -40.00        -.5745E-01
                       -20.00        -.3676E-01
                       -10.00        -.1838E-01
                         .000          .000    
                        10.00         .1838E-01
                        20.00         .3676E-01
                        40.00         .5745E-01
                        64.00         .6853E-01
                  </tableData>
               </table>
            </product>
         </function>

         <function name="aero/coefficient/CldF1">
            <description>
               Roll Moment Coefficient due to Asymetrical Plain Flaps Deflection
               calculated as difference between left and right flap lift coef,
               times distance from centerline to MAC of surface.
            </description>
            <product>
               <value>      3.04</value>
               <difference>
                  <property>aero/coefficient/CLdF1R</property>
                  <property>aero/coefficient/CLdF1L</property>
               </difference>
            </product>
         </function>

         <function name="aero/coefficient/CldF2">
            <description>
               Roll Moment Coefficient due to Asymetrical Single Slotted Flaps Deflection
               calculated as difference between left and right flap lift coef,
               times distance from centerline to MAC of surface.
            </description>
            <product>
               <value>      8.25</value>
               <difference>
                  <property>aero/coefficient/CLdF2R</property>
                  <property>aero/coefficient/CLdF2L</property>
               </difference>
            </product>
         </function>


         <!-- *************************
              Not calculated by DATCOM+
              *************************
         -->

         <function name="aero/coefficient/ClDr">
            <description>
               Roll moment due to rudder(DATCOM does not calculate)
               Usually insignificant in dynamic stability considerations
               but is used in autopilot work
            </description>
            <product>
               <property>metrics/bw-ft</property>
               <property>aero/qbar-psf</property>
               <property>metrics/Sw-sqft</property>
               <property>fcs/rudder-pos-deg</property>
               <value>    .000    </value>
            </product>
         </function>

     </axis>




<!-- ********************************************************************** -->


     <axis name="PITCH">


         <function name="aero/coefficient/Cm_basic">
            <description>
               Basic_Pitch_moment_coefficient
            </description>
            <product>
               <property>aero/qbar-psf</property>
               <property>metrics/Sw-sqft</property>
               <property>metrics/cbarw-ft</property>
               <table>
                  <independentVar lookup="row">aero/alpha-deg</independentVar>
                  <tableData>
                       -16.00         .3479    
                       -8.000         .2168    
                       -6.000         .1789    
                       -4.000         .1426    
                       -2.000         .1069    
                         .000         .7441E-01
                        2.000         .4379E-01
                        4.000         .1497E-01
                        8.000        -.3809E-01
                        9.000        -.5092E-01
                        10.00        -.6364E-01
                        12.00        -.9972E-01
                        14.00        -.1449    
                        16.00        -.1972    
                        18.00          .000    
                        19.00          .000    
                        20.00          .000    
                        21.00          .000    
                        22.00          .000    
                        24.00          .000    
                  </tableData>
               </table>
            </product>
         </function>

         <function name="aero/coefficient/Cmq">
            <description>
               Pitch moment coefficient due to pitch rate(per degree)
                Pitch Damping Derivative
               Very important to Short Period damping of oscillations
            </description>
            <product>
               <property>aero/qbar-psf</property>
               <property>metrics/Sw-sqft</property>
               <property>metrics/cbarw-ft</property>
               <property>aero/ci2vel</property>
               <property>velocities/q-aero-rad_sec</property>
               <table>
                  <independentVar lookup="row">aero/alpha-deg</independentVar>
                  <tableData>
                       -16.00        -.2547    
                       -8.000        -.2547    
                       -6.000        -.2547    
                       -4.000        -.2547    
                       -2.000        -.2547    
                         .000        -.2547    
                        2.000        -.2547    
                        4.000        -.2547    
                        8.000        -.2547    
                        9.000        -.2547    
                        10.00        -.2547    
                        12.00        -.2547    
                        14.00        -.2547    
                        16.00        -.2547    
                        18.00        -.2547    
                        19.00        -.2547    
                        20.00        -.2547    
                        21.00        -.2547    
                        22.00        -.2547    
                        24.00        -.2547    
                  </tableData>
               </table>
            </product>
         </function>

         <function name="aero/coefficient/Cmadot">
            <description>
               Pitch moment coefficient due to AOA rate(per degree)
               Negitive Cmad increase Short Period damping
            </description>
            <product>
               <property>aero/qbar-psf</property>
               <property>metrics/Sw-sqft</property>
               <property>metrics/cbarw-ft</property>
               <property>aero/ci2vel</property>
               <property>aero/alphadot-deg_sec</property>
               <table>
                  <independentVar lookup="row">aero/alpha-deg</independentVar>
                  <tableData>
                       -16.00        -.9348E-01
                       -8.000        -.1022    
                       -6.000        -.1052    
                       -4.000        -.1062    
                       -2.000        -.1081    
                         .000        -.1123    
                        2.000        -.1173    
                        4.000        -.1219    
                        8.000        -.1289    
                        9.000        -.1275    
                        10.00        -.1175    
                        12.00        -.8978E-01
                        14.00        -.6822E-01
                        16.00        -.4343E-01
                        18.00         .2421E-01
                        19.00         .7142E-01
                        20.00         .1968    
                        21.00         .2456    
                        22.00         .1515    
                        24.00         .7707E-01
                  </tableData>
               </table>
            </product>
         </function>

         <function name="aero/coefficient/CmDe">
            <description>
               Pitch moment coefficient due to elevator deflection
               Positive surface deflection is trailing edge down
            </description>
            <product>
               <property>aero/qbar-psf</property>
               <property>metrics/Sw-sqft</property>
               <property>metrics/cbarw-ft</property>
               <table>
                  <independentVar lookup="row">fcs/elevator-pos-deg</independentVar>
                  <tableData>
                       -20.00         .4491    
                       -15.00         .4242    
                       -10.00         .2992    
                       -5.000         .1496    
                         .000        -.2992E-03
                        5.000        -.1496    
                        10.00        -.2992    
                        13.00        -.3811    
                        16.00        -.4418    
                  </tableData>
               </table>
            </product>
         </function>

         <function name="aero/coefficient/CmDf1L">
            <description>
               Pitch moment coefficient due to left Plain Flaps Deflection
               Positive surface deflection is trailing edge down
               Ultimately, we will feed this left flap pos
            </description>
            <product>
               <property>aero/qbar-psf</property>
               <property>metrics/Sw-sqft</property>
               <property>metrics/cbarw-ft</property>
               <table>
                  <independentVar lookup="row">fcs/flap-pos-deg</independentVar>
                  <tableData>
                       -20.00         .2245    
                       -15.00         .2121    
                       -10.00         .1496    
                       -5.000         .7481E-01
                         .000          .000    
                        5.000        -.7481E-01
                        10.00        -.1496    
                        13.00        -.1905    
                        16.00        -.2209    
                  </tableData>
               </table>
            </product>
         </function>

         <function name="aero/coefficient/CmDf1R">
            <description>
               Pitch moment coefficient due to right Plain Flaps Deflection
               Positive surface deflection is trailing edge down
               Ultimately, we will feed this right flap pos
            </description>
            <product>
               <property>aero/qbar-psf</property>
               <property>metrics/Sw-sqft</property>
               <property>metrics/cbarw-ft</property>
               <table>
                  <independentVar lookup="row">fcs/flap-pos-deg</independentVar>
                  <tableData>
                       -20.00         .2245    
                       -15.00         .2121    
                       -10.00         .1496    
                       -5.000         .7481E-01
                         .000          .000    
                        5.000        -.7481E-01
                        10.00        -.1496    
                        13.00        -.1905    
                        16.00        -.2209    
                  </tableData>
               </table>
            </product>
         </function>

         <function name="aero/coefficient/CmDf2L">
            <description>
               Pitch moment coefficient due to left Single Slotted Flaps Deflection
               Positive surface deflection is trailing edge down
               Ultimately, we will feed this left flap pos
            </description>
            <product>
               <property>aero/qbar-psf</property>
               <property>metrics/Sw-sqft</property>
               <property>metrics/cbarw-ft</property>
               <table>
                  <independentVar lookup="row">fcs/flap-pos-deg</independentVar>
                  <tableData>
                         .000          .000    
                        5.000        -.9200E-02
                        10.00        -.1906E-01
                        15.00        -.2807E-01
                        20.00        -.3805E-01
                        25.00        -.4655E-01
                        30.00        -.5344E-01
                        35.00        -.6069E-01
                        40.00        -.6435E-01
                  </tableData>
               </table>
            </product>
         </function>

         <function name="aero/coefficient/CmDf2R">
            <description>
               Pitch moment coefficient due to right Single Slotted Flaps Deflection
               Positive surface deflection is trailing edge down
               Ultimately, we will feed this right flap pos
            </description>
            <product>
               <property>aero/qbar-psf</property>
               <property>metrics/Sw-sqft</property>
               <property>metrics/cbarw-ft</property>
               <table>
                  <independentVar lookup="row">fcs/flap-pos-deg</independentVar>
                  <tableData>
                         .000          .000    
                        5.000        -.9200E-02
                        10.00        -.1906E-01
                        15.00        -.2807E-01
                        20.00        -.3805E-01
                        25.00        -.4655E-01
                        30.00        -.5344E-01
                        35.00        -.6069E-01
                        40.00        -.6435E-01
                  </tableData>
               </table>
            </product>
         </function>

     </axis>




<!-- ********************************************************************** -->


     <axis name="YAW">


         <function name="aero/coefficient/Cnb">
            <description>
               Yaw moment coefficient due to sideslip(per degree)
               Determines Dutch Roll and Spiral characteristics
               Prevents side-slip and yawing moments
            </description>
            <product>
               <property>aero/qbar-psf</property>
               <property>metrics/Sw-sqft</property>
               <property>metrics/bw-ft</property>
               <property>aero/beta-deg</property>
               <table>
                  <independentVar lookup="row">aero/alpha-deg</independentVar>
                  <tableData>
                       -16.00         .9660E-03
                       -8.000         .9660E-03
                       -6.000         .9660E-03
                       -4.000         .9660E-03
                       -2.000         .9660E-03
                         .000         .9660E-03
                        2.000         .9660E-03
                        4.000         .9660E-03
                        8.000         .9660E-03
                        9.000         .9660E-03
                        10.00         .9660E-03
                        12.00         .9660E-03
                        14.00         .9660E-03
                        16.00         .9660E-03
                        18.00         .9660E-03
                        19.00         .9660E-03
                        20.00         .9660E-03
                        21.00         .9660E-03
                        22.00         .9660E-03
                        24.00         .9660E-03
                  </tableData>
               </table>
            </product>
         </function>

         <function name="aero/coefficient/Cnp">
            <description>
               Yaw moment coefficient due to roll rate(per degree)
               Reduces Dutch Roll damping
               positive value desireable
            </description>
            <product>
               <property>aero/qbar-psf</property>
               <property>metrics/Sw-sqft</property>
               <property>metrics/bw-ft</property>
               <property>aero/bi2vel</property>
               <property>velocities/p-aero-rad_sec</property>
               <table>
                  <independentVar lookup="row">aero/alpha-deg</independentVar>
                  <tableData>
                       -16.00         .1817E-02
                       -8.000         .7818E-03
                       -6.000         .5143E-03
                       -4.000         .2527E-03
                       -2.000        -.5991E-05
                         .000        -.2691E-03
                        2.000        -.5387E-03
                        4.000        -.8143E-03
                        8.000        -.1382E-02
                        9.000        -.1548E-02
                        10.00        -.1735E-02
                        12.00        -.2074E-02
                        14.00        -.2373E-02
                        16.00        -.2686E-02
                        18.00        -.2899E-02
                        19.00        -.3836E-02
                        20.00        -.3681E-02
                        21.00        -.2677E-02
                        22.00        -.1901E-02
                        24.00        -.1074E-02
                  </tableData>
               </table>
            </product>
         </function>

         <function name="aero/coefficient/Cnr">
            <description>
               Yaw Moment coefficient due to yaw rate(per degree)
               Main contributor to damping of Dutch Roll
            </description>
            <product>
               <property>aero/qbar-psf</property>
               <property>metrics/Sw-sqft</property>
               <property>metrics/bw-ft</property>
               <property>aero/bi2vel</property>
               <property>velocities/r-aero-rad_sec</property>
               <table>
                  <independentVar lookup="row">aero/alpha-deg</independentVar>
                  <tableData>
                       -16.00        -.1941E-02
                       -8.000        -.1846E-02
                       -6.000        -.1842E-02
                       -4.000        -.1846E-02
                       -2.000        -.1858E-02
                         .000        -.1876E-02
                        2.000        -.1902E-02
                        4.000        -.1936E-02
                        8.000        -.2031E-02
                        9.000        -.2060E-02
                        10.00        -.2089E-02
                        12.00        -.2136E-02
                        14.00        -.2173E-02
                        16.00        -.2193E-02
                        18.00        -.2174E-02
                        19.00        -.2141E-02
                        20.00        -.2018E-02
                        21.00        -.1916E-02
                        22.00        -.1861E-02
                        24.00        -.1802E-02
                  </tableData>
               </table>
            </product>
         </function>

         <function name="aero/coefficient/CnDf1">
            <description>
               Yaw Moment Coefficient due to Asymetrical Plain Flaps Deflection
               calculated as difference between left and right flap drag coef,
               times distance from centerline to MAC of surface.
            </description>
            <product>
               <value>      3.04</value>
               <difference>
                  <property>aero/coefficient/CdDf1R</property>
                  <property>aero/coefficient/CdDf1L</property>
               </difference>
            </product>
         </function>

         <function name="aero/coefficient/CnDf2">
            <description>
               Yaw Moment Coefficient due to Asymetrical Single Slotted Flaps Deflection
               calculated as difference between left and right flap drag coef,
               times distance from centerline to MAC of surface.
            </description>
            <product>
               <value>      8.25</value>
               <difference>
                  <property>aero/coefficient/CdDf2R</property>
                  <property>aero/coefficient/CdDf2L</property>
               </difference>
            </product>
         </function>

         <function name="aero/coefficient/CnDa">
            <description>
               Yaw Moment coefficient due to plain flap aileron deflection
            </description>
            <product>
               <property>aero/qbar-psf</property>
               <property>metrics/Sw-sqft</property>
               <property>metrics/bw-ft</property>
               <table>
                  <independentVar lookup="row">aero/alpha-deg</independentVar>
                  <tableData>
                                     -64.00        -40.00        -20.00        -10.00          .000         10.00         20.00         40.00         64.00    
                       -16.00        -.7346E-02    -.6158E-02    -.3939E-02    -.1970E-02      .000         .1970E-02     .3939E-02     .6158E-02     .7346E-02
                       -8.000        -.3005E-02    -.2519E-02    -.1611E-02    -.8056E-03      .000         .8056E-03     .1611E-02     .2519E-02     .3005E-02
                       -6.000        -.1901E-02    -.1594E-02    -.1019E-02    -.5097E-03      .000         .5097E-03     .1019E-02     .1594E-02     .1901E-02
                       -4.000        -.8328E-03    -.6981E-03    -.4466E-03    -.2233E-03      .000         .2233E-03     .4466E-03     .6981E-03     .8328E-03
                       -2.000         .1930E-03     .1618E-03     .1035E-03     .5175E-04      .000        -.5175E-04    -.1035E-03    -.1618E-03    -.1930E-03
                         .000         .1235E-02     .1035E-02     .6621E-03     .3311E-03      .000        -.3311E-03    -.6621E-03    -.1035E-02    -.1235E-02
                        2.000         .2317E-02     .1943E-02     .1243E-02     .6213E-03      .000        -.6213E-03    -.1243E-02    -.1943E-02    -.2317E-02
                        4.000         .3431E-02     .2876E-02     .1840E-02     .9199E-03      .000        -.9199E-03    -.1840E-02    -.2876E-02    -.3431E-02
                        8.000         .5712E-02     .4788E-02     .3063E-02     .1531E-02      .000        -.1531E-02    -.3063E-02    -.4788E-02    -.5712E-02
                        9.000         .6286E-02     .5269E-02     .3370E-02     .1685E-02      .000        -.1685E-02    -.3370E-02    -.5269E-02    -.6286E-02
                        10.00         .6805E-02     .5705E-02     .3649E-02     .1825E-02      .000        -.1825E-02    -.3649E-02    -.5705E-02    -.6805E-02
                        12.00         .7635E-02     .6400E-02     .4094E-02     .2047E-02      .000        -.2047E-02    -.4094E-02    -.6400E-02    -.7635E-02
                        14.00         .8274E-02     .6936E-02     .4437E-02     .2218E-02      .000        -.2218E-02    -.4437E-02    -.6936E-02    -.8274E-02
                        16.00         .8687E-02     .7282E-02     .4658E-02     .2329E-02      .000        -.2329E-02    -.4658E-02    -.7282E-02    -.8687E-02
                        18.00         .8602E-02     .7211E-02     .4613E-02     .2306E-02      .000        -.2306E-02    -.4613E-02    -.7211E-02    -.8602E-02
                        19.00         .8236E-02     .6905E-02     .4417E-02     .2208E-02      .000        -.2208E-02    -.4417E-02    -.6905E-02    -.8236E-02
                        20.00         .6423E-02     .5385E-02     .3444E-02     .1722E-02      .000        -.1722E-02    -.3444E-02    -.5385E-02    -.6423E-02
                        21.00         .4451E-02     .3731E-02     .2387E-02     .1193E-02      .000        -.1193E-02    -.2387E-02    -.3731E-02    -.4451E-02
                        22.00         .3020E-02     .2532E-02     .1619E-02     .8096E-03      .000        -.8096E-03    -.1619E-02    -.2532E-02    -.3020E-02
                        24.00         .4706E-03     .3945E-03     .2524E-03     .1262E-03      .000        -.1262E-03    -.2524E-03    -.3945E-03    -.4706E-03
                  </tableData>
               </table>
            </product>
         </function>


         <!-- ******************************************************
              CnDr is not calculated by DATCOM+, but a default value
              is supplied
              ******************************************************-->

         <function name="aero/coefficient/CnDr">
            <description>
               Yaw Coefficient due to rudder(DATCOM does not calculate)
               High value for controllablity, low value
               for good dynamic stability
            </description>
            <product>
               <property>aero/qbar-psf</property>
               <property>metrics/Sw-sqft</property>
               <property>metrics/bw-ft</property>
               <property>fcs/rudder-pos-deg</property>
               <value>  -.1047E-02</value>
            </product>
         </function>


     </axis>




<!-- ********************************************************************** -->


      <function name="aero/elev_hinge_moment_ft_lbs">
         <description>
            Elevator hinge moment in ft-lbs
            HM = q * S * Cbar * ( Ch0 + Cha*alpha + Chd*delta )
            Positive causes trailing edge down movement
            Ch0 is used to artifically trim HM to zero
         </description>
         <product>
               <property>aero/qbar-psf</property>
               <property>metrics/Sw-sqft</property>
            <value>   12.64    </value>	<!-- surface area of elevator -->
            <value>   1.531    </value>	<!-- MAC of elevator -->
            <sum>
 <!--
               <property>aero/Ch0_elev</property>	
 -->
               <product>
                  <property>aero/alpha-deg</property>
                  <table>                            	<!-- Ch-alpha -->
                     <independentVar lookup="row">
                     aero/alpha-deg</independentVar>
                     <tableData>
                          -16.00    	   .1416E-02
                          -8.000    	   .1416E-02
                          -6.000    	   .1416E-02
                          -4.000    	   .1416E-02
                          -2.000    	   .1416E-02
                            .000    	   .1416E-02
                           2.000    	   .1416E-02
                           4.000    	   .1416E-02
                           8.000    	   .1416E-02
                           9.000    	   .1416E-02
                           10.00    	   .9770E-02
                           12.00    	   .9836E-02
                           14.00    	   .9854E-02
                           16.00    	   .9854E-02
                           18.00    	   .9854E-02
                           19.00    	   .9854E-02
                           20.00    	   .9854E-02
                           21.00    	   .9847E-02
                           22.00    	   .9828E-02
                           24.00    	   .9854E-02
                     </tableData>
                  </table>
               </product>
               <product>
                  <property>fcs/elevator-pos-deg</property>
                  <table>                            	<!-- Ch-delta elevator -->
                     <independentVar lookup="row">
                     fcs/elevator-pos-deg</independentVar>
                     <tableData>
                          -20.00    	   .9770E-02
                          -15.00    	   .9836E-02
                          -10.00    	   .9854E-02
                          -5.000    	   .9854E-02
                            .000    	   .9854E-02
                           5.000    	   .9854E-02
                           10.00    	   .9854E-02
                           13.00    	   .9847E-02
                           16.00    	   .9828E-02
                     </tableData>
                  </table>
               </product>
            </sum>
         </product>
      </function>

   </aerodynamics>
